query_id,metric,score_run_a,score_run_b,difference
sf_q01,generation_latency_ms,0.023800,0.017100,-0.006700
sf_q02,generation_latency_ms,0.028800,0.016100,-0.012700
sf_q03,generation_latency_ms,0.016500,0.014000,-0.002500
sf_q04,generation_latency_ms,0.015000,0.019900,0.004900
sf_q05,generation_latency_ms,0.027100,0.019900,-0.007200
sf_q06,generation_latency_ms,0.018700,0.027400,0.008700
sf_q07,generation_latency_ms,0.017800,0.020100,0.002300
sf_q08,generation_latency_ms,0.016900,0.020700,0.003800
sf_q09,generation_latency_ms,0.013400,0.016700,0.003300
sf_q10,generation_latency_ms,0.017200,0.015300,-0.001900
sf_q11,generation_latency_ms,0.026600,0.016200,-0.010400
sf_q12,generation_latency_ms,0.030700,0.011300,-0.019400
sf_q13,generation_latency_ms,0.025100,0.014900,-0.010200
sf_q14,generation_latency_ms,0.029200,0.015000,-0.014200
sf_q15,generation_latency_ms,0.029200,0.016000,-0.013200
sf_q16,generation_latency_ms,0.026500,0.015400,-0.011100
sf_q17,generation_latency_ms,0.022400,0.015400,-0.007000
sf_q18,generation_latency_ms,0.028000,0.027800,-0.000200
sf_q19,generation_latency_ms,0.026600,0.026600,0.000000
sf_q20,generation_latency_ms,0.021200,0.020900,-0.000300
sf_q21,generation_latency_ms,0.026800,0.025400,-0.001400
sf_q22,generation_latency_ms,0.031000,0.018900,-0.012100
sf_q23,generation_latency_ms,0.022500,0.019900,-0.002600
sf_q24,generation_latency_ms,0.028900,0.016700,-0.012200
sf_q25,generation_latency_ms,0.026900,0.592000,0.565100
sf_q26,generation_latency_ms,0.025800,0.024800,-0.001000
sf_q27,generation_latency_ms,0.047200,0.026700,-0.020500
sf_q28,generation_latency_ms,0.024300,0.026800,0.002500
sf_q29,generation_latency_ms,0.022800,0.023300,0.000500
sf_q30,generation_latency_ms,0.020600,0.024700,0.004100
sf_q01,latency_ms,105.935000,44.835200,-61.099800
sf_q02,latency_ms,38.720000,36.069900,-2.650100
sf_q03,latency_ms,33.261900,32.598900,-0.663000
sf_q04,latency_ms,29.073100,34.008100,4.935000
sf_q05,latency_ms,31.113100,37.169800,6.056700
sf_q06,latency_ms,33.526700,37.440400,3.913700
sf_q07,latency_ms,32.650300,36.678100,4.027800
sf_q08,latency_ms,29.481500,38.914200,9.432700
sf_q09,latency_ms,27.098200,45.831900,18.733700
sf_q10,latency_ms,36.377300,39.425800,3.048500
sf_q11,latency_ms,49.084300,30.039300,-19.045000
sf_q12,latency_ms,53.868500,32.058600,-21.809900
sf_q13,latency_ms,54.410500,27.172200,-27.238300
sf_q14,latency_ms,46.353300,29.500800,-16.852500
sf_q15,latency_ms,48.275700,33.706700,-14.569000
sf_q16,latency_ms,37.957600,30.147000,-7.810600
sf_q17,latency_ms,40.962000,34.212500,-6.749500
sf_q18,latency_ms,41.703200,40.373300,-1.329900
sf_q19,latency_ms,45.604800,41.732300,-3.872500
sf_q20,latency_ms,39.290900,37.833700,-1.457200
sf_q21,latency_ms,37.831100,28.898200,-8.932900
sf_q22,latency_ms,40.305400,34.759400,-5.546000
sf_q23,latency_ms,39.366800,36.699600,-2.667200
sf_q24,latency_ms,58.895200,38.004300,-20.890900
sf_q25,latency_ms,60.180700,52.651200,-7.529500
sf_q26,latency_ms,62.463900,62.107400,-0.356500
sf_q27,latency_ms,35.380700,49.596700,14.216000
sf_q28,latency_ms,37.596900,46.307800,8.710900
sf_q29,latency_ms,36.732800,46.959300,10.226500
sf_q30,latency_ms,39.913800,50.584600,10.670800
sf_q01,mrr@5,1.000000,1.000000,0.000000
sf_q02,mrr@5,1.000000,1.000000,0.000000
sf_q03,mrr@5,1.000000,1.000000,0.000000
sf_q04,mrr@5,1.000000,1.000000,0.000000
sf_q05,mrr@5,1.000000,1.000000,0.000000
sf_q06,mrr@5,1.000000,1.000000,0.000000
sf_q07,mrr@5,1.000000,1.000000,0.000000
sf_q08,mrr@5,1.000000,1.000000,0.000000
sf_q09,mrr@5,1.000000,1.000000,0.000000
sf_q10,mrr@5,1.000000,1.000000,0.000000
sf_q11,mrr@5,0.500000,0.500000,0.000000
sf_q12,mrr@5,1.000000,1.000000,0.000000
sf_q13,mrr@5,1.000000,1.000000,0.000000
sf_q14,mrr@5,1.000000,1.000000,0.000000
sf_q15,mrr@5,1.000000,1.000000,0.000000
sf_q16,mrr@5,1.000000,1.000000,0.000000
sf_q17,mrr@5,1.000000,1.000000,0.000000
sf_q18,mrr@5,1.000000,1.000000,0.000000
sf_q19,mrr@5,1.000000,1.000000,0.000000
sf_q20,mrr@5,1.000000,1.000000,0.000000
sf_q21,mrr@5,1.000000,1.000000,0.000000
sf_q22,mrr@5,1.000000,1.000000,0.000000
sf_q23,mrr@5,1.000000,1.000000,0.000000
sf_q24,mrr@5,1.000000,1.000000,0.000000
sf_q25,mrr@5,1.000000,1.000000,0.000000
sf_q26,mrr@5,1.000000,1.000000,0.000000
sf_q27,mrr@5,1.000000,1.000000,0.000000
sf_q28,mrr@5,1.000000,1.000000,0.000000
sf_q29,mrr@5,1.000000,1.000000,0.000000
sf_q30,mrr@5,1.000000,1.000000,0.000000
sf_q01,ndcg@5,1.000000,1.000000,0.000000
sf_q02,ndcg@5,1.000000,1.000000,0.000000
sf_q03,ndcg@5,1.000000,1.000000,0.000000
sf_q04,ndcg@5,1.000000,1.000000,0.000000
sf_q05,ndcg@5,1.000000,1.000000,0.000000
sf_q06,ndcg@5,1.000000,1.000000,0.000000
sf_q07,ndcg@5,1.000000,1.000000,0.000000
sf_q08,ndcg@5,1.000000,1.000000,0.000000
sf_q09,ndcg@5,1.000000,1.000000,0.000000
sf_q10,ndcg@5,1.000000,1.000000,0.000000
sf_q11,ndcg@5,0.630930,0.630930,0.000000
sf_q12,ndcg@5,1.000000,1.000000,0.000000
sf_q13,ndcg@5,1.000000,1.000000,0.000000
sf_q14,ndcg@5,1.000000,1.000000,0.000000
sf_q15,ndcg@5,1.000000,1.000000,0.000000
sf_q16,ndcg@5,1.000000,1.000000,0.000000
sf_q17,ndcg@5,1.000000,1.000000,0.000000
sf_q18,ndcg@5,1.000000,1.000000,0.000000
sf_q19,ndcg@5,1.000000,1.000000,0.000000
sf_q20,ndcg@5,1.000000,1.000000,0.000000
sf_q21,ndcg@5,1.000000,1.000000,0.000000
sf_q22,ndcg@5,1.000000,1.000000,0.000000
sf_q23,ndcg@5,1.000000,1.000000,0.000000
sf_q24,ndcg@5,1.000000,1.000000,0.000000
sf_q25,ndcg@5,1.000000,1.000000,0.000000
sf_q26,ndcg@5,1.000000,1.000000,0.000000
sf_q27,ndcg@5,1.000000,1.000000,0.000000
sf_q28,ndcg@5,1.000000,1.000000,0.000000
sf_q29,ndcg@5,1.000000,1.000000,0.000000
sf_q30,ndcg@5,1.000000,1.000000,0.000000
sf_q01,precision@5,0.200000,0.200000,0.000000
sf_q02,precision@5,0.200000,0.200000,0.000000
sf_q03,precision@5,0.200000,0.200000,0.000000
sf_q04,precision@5,0.200000,0.200000,0.000000
sf_q05,precision@5,0.200000,0.200000,0.000000
sf_q06,precision@5,0.200000,0.200000,0.000000
sf_q07,precision@5,0.200000,0.200000,0.000000
sf_q08,precision@5,0.400000,0.400000,0.000000
sf_q09,precision@5,0.200000,0.200000,0.000000
sf_q10,precision@5,0.200000,0.200000,0.000000
sf_q11,precision@5,0.200000,0.200000,0.000000
sf_q12,precision@5,0.200000,0.200000,0.000000
sf_q13,precision@5,0.200000,0.200000,0.000000
sf_q14,precision@5,0.200000,0.200000,0.000000
sf_q15,precision@5,0.200000,0.200000,0.000000
sf_q16,precision@5,0.200000,0.200000,0.000000
sf_q17,precision@5,0.200000,0.200000,0.000000
sf_q18,precision@5,0.200000,0.200000,0.000000
sf_q19,precision@5,0.200000,0.200000,0.000000
sf_q20,precision@5,0.400000,0.400000,0.000000
sf_q21,precision@5,0.200000,0.200000,0.000000
sf_q22,precision@5,0.200000,0.200000,0.000000
sf_q23,precision@5,0.200000,0.200000,0.000000
sf_q24,precision@5,0.200000,0.200000,0.000000
sf_q25,precision@5,0.200000,0.200000,0.000000
sf_q26,precision@5,0.200000,0.200000,0.000000
sf_q27,precision@5,0.200000,0.200000,0.000000
sf_q28,precision@5,0.200000,0.200000,0.000000
sf_q29,precision@5,0.200000,0.200000,0.000000
sf_q30,precision@5,0.200000,0.200000,0.000000
sf_q01,recall@5,1.000000,1.000000,0.000000
sf_q02,recall@5,1.000000,1.000000,0.000000
sf_q03,recall@5,1.000000,1.000000,0.000000
sf_q04,recall@5,1.000000,1.000000,0.000000
sf_q05,recall@5,1.000000,1.000000,0.000000
sf_q06,recall@5,1.000000,1.000000,0.000000
sf_q07,recall@5,1.000000,1.000000,0.000000
sf_q08,recall@5,1.000000,1.000000,0.000000
sf_q09,recall@5,1.000000,1.000000,0.000000
sf_q10,recall@5,1.000000,1.000000,0.000000
sf_q11,recall@5,1.000000,1.000000,0.000000
sf_q12,recall@5,1.000000,1.000000,0.000000
sf_q13,recall@5,1.000000,1.000000,0.000000
sf_q14,recall@5,1.000000,1.000000,0.000000
sf_q15,recall@5,1.000000,1.000000,0.000000
sf_q16,recall@5,1.000000,1.000000,0.000000
sf_q17,recall@5,1.000000,1.000000,0.000000
sf_q18,recall@5,1.000000,1.000000,0.000000
sf_q19,recall@5,1.000000,1.000000,0.000000
sf_q20,recall@5,1.000000,1.000000,0.000000
sf_q21,recall@5,1.000000,1.000000,0.000000
sf_q22,recall@5,1.000000,1.000000,0.000000
sf_q23,recall@5,1.000000,1.000000,0.000000
sf_q24,recall@5,1.000000,1.000000,0.000000
sf_q25,recall@5,1.000000,1.000000,0.000000
sf_q26,recall@5,1.000000,1.000000,0.000000
sf_q27,recall@5,1.000000,1.000000,0.000000
sf_q28,recall@5,1.000000,1.000000,0.000000
sf_q29,recall@5,1.000000,1.000000,0.000000
sf_q30,recall@5,1.000000,1.000000,0.000000
sf_q01,retrieval_latency_ms,47.069100,36.430700,-10.638400
sf_q02,retrieval_latency_ms,30.282900,29.611700,-0.671200
sf_q03,retrieval_latency_ms,26.424200,26.800800,0.376600
sf_q04,retrieval_latency_ms,23.484900,24.600900,1.116000
sf_q05,retrieval_latency_ms,24.226100,30.595300,6.369200
sf_q06,retrieval_latency_ms,27.661100,26.830300,-0.830800
sf_q07,retrieval_latency_ms,25.324300,27.749700,2.425400
sf_q08,retrieval_latency_ms,23.736800,30.188900,6.452100
sf_q09,retrieval_latency_ms,21.600800,35.205200,13.604400
sf_q10,retrieval_latency_ms,29.237000,32.428100,3.191100
sf_q11,retrieval_latency_ms,37.299800,23.878300,-13.421500
sf_q12,retrieval_latency_ms,38.282800,27.216700,-11.066100
sf_q13,retrieval_latency_ms,36.561100,20.940100,-15.621000
sf_q14,retrieval_latency_ms,34.103300,24.206400,-9.896900
sf_q15,retrieval_latency_ms,37.594400,26.557400,-11.037000
sf_q16,retrieval_latency_ms,29.616400,24.788300,-4.828100
sf_q17,retrieval_latency_ms,32.540100,28.349600,-4.190500
sf_q18,retrieval_latency_ms,30.299000,30.971800,0.672800
sf_q19,retrieval_latency_ms,34.358000,31.872900,-2.485100
sf_q20,retrieval_latency_ms,31.339700,29.379700,-1.960000
sf_q21,retrieval_latency_ms,26.435200,21.011900,-5.423300
sf_q22,retrieval_latency_ms,29.683300,26.506600,-3.176700
sf_q23,retrieval_latency_ms,27.897500,27.152800,-0.744700
sf_q24,retrieval_latency_ms,43.464200,30.553100,-12.911100
sf_q25,retrieval_latency_ms,40.527800,38.106500,-2.421300
sf_q26,retrieval_latency_ms,53.180100,46.403800,-6.776300
sf_q27,retrieval_latency_ms,26.645000,35.037600,8.392600
sf_q28,retrieval_latency_ms,29.708700,34.874700,5.166000
sf_q29,retrieval_latency_ms,28.316200,36.797100,8.480900
sf_q30,retrieval_latency_ms,31.534100,37.891800,6.357700
sf_q01,total_latency_ms,105.935000,44.835200,-61.099800
sf_q02,total_latency_ms,38.720000,36.069900,-2.650100
sf_q03,total_latency_ms,33.261900,32.598900,-0.663000
sf_q04,total_latency_ms,29.073100,34.008100,4.935000
sf_q05,total_latency_ms,31.113100,37.169800,6.056700
sf_q06,total_latency_ms,33.526700,37.440400,3.913700
sf_q07,total_latency_ms,32.650300,36.678100,4.027800
sf_q08,total_latency_ms,29.481500,38.914200,9.432700
sf_q09,total_latency_ms,27.098200,45.831900,18.733700
sf_q10,total_latency_ms,36.377300,39.425800,3.048500
sf_q11,total_latency_ms,49.084300,30.039300,-19.045000
sf_q12,total_latency_ms,53.868500,32.058600,-21.809900
sf_q13,total_latency_ms,54.410500,27.172200,-27.238300
sf_q14,total_latency_ms,46.353300,29.500800,-16.852500
sf_q15,total_latency_ms,48.275700,33.706700,-14.569000
sf_q16,total_latency_ms,37.957600,30.147000,-7.810600
sf_q17,total_latency_ms,40.962000,34.212500,-6.749500
sf_q18,total_latency_ms,41.703200,40.373300,-1.329900
sf_q19,total_latency_ms,45.604800,41.732300,-3.872500
sf_q20,total_latency_ms,39.290900,37.833700,-1.457200
sf_q21,total_latency_ms,37.831100,28.898200,-8.932900
sf_q22,total_latency_ms,40.305400,34.759400,-5.546000
sf_q23,total_latency_ms,39.366800,36.699600,-2.667200
sf_q24,total_latency_ms,58.895200,38.004300,-20.890900
sf_q25,total_latency_ms,60.180700,52.651200,-7.529500
sf_q26,total_latency_ms,62.463900,62.107400,-0.356500
sf_q27,total_latency_ms,35.380700,49.596700,14.216000
sf_q28,total_latency_ms,37.596900,46.307800,8.710900
sf_q29,total_latency_ms,36.732800,46.959300,10.226500
sf_q30,total_latency_ms,39.913800,50.584600,10.670800
