comparison,metric,strategy,n_units,mean_mono,mean_cross,mean_penalty,std_penalty,ci_95_lower,ci_95_upper,t_stat,wilcoxon_w,p_value,cohens_dz,stars
dense_EN->BN,recall@5,dense,25,0.9800,0.0783,0.9017,0.1300,0.8481,0.9554,34.6781,0.0,0.000013,6.9356,***
dense_EN->BN,mrr@5,dense,25,1.0000,0.2633,0.7367,0.1880,0.6591,0.8143,19.5913,0.0,0.000012,3.9183,***
dense_EN->BN,ndcg@5,dense,25,0.9845,0.1971,0.7875,0.1825,0.7121,0.8628,21.5739,0.0,0.000012,4.3148,***
dense_EN->BN,precision@5,dense,25,0.2000,0.2400,-0.0400,0.1915,-0.1190,0.0390,-1.0445,36.0,0.286924,-0.2089,ns
dense_BN->EN,recall@5,dense,25,0.0970,0.0400,0.0570,0.2101,-0.0297,0.1437,1.3574,21.0,0.001085,0.2715,**
dense_BN->EN,mrr@5,dense,25,0.5447,0.0133,0.5313,0.3728,0.3774,0.6852,7.1254,0.0,0.000055,1.4251,***
dense_BN->EN,ndcg@5,dense,25,0.4486,0.0200,0.4286,0.3141,0.2990,0.5583,6.8230,0.0,0.000063,1.3646,***
dense_BN->EN,precision@5,dense,25,0.4720,0.0080,0.4640,0.3147,0.3341,0.5939,7.3710,0.0,0.000057,1.4742,***
bm25_EN->BN,recall@5,bm25,25,0.9800,0.0020,0.9780,0.0998,0.9368,1.0192,48.9841,0.0,0.000002,9.7968,***
bm25_EN->BN,mrr@5,bm25,25,1.0000,0.0267,0.9733,0.0923,0.9352,1.0114,52.7290,0.0,0.000001,10.5458,***
bm25_EN->BN,ndcg@5,bm25,25,0.9845,0.0136,0.9710,0.0881,0.9346,1.0073,55.1340,0.0,0.000002,11.0268,***
bm25_EN->BN,precision@5,bm25,25,0.2000,0.0160,0.1840,0.0554,0.1611,0.2069,16.6132,0.0,0.000002,3.3226,***
bm25_BN->EN,recall@5,bm25,25,0.1863,0.0400,0.1463,0.2474,0.0442,0.2484,2.9572,25.0,0.000227,0.5914,***
bm25_BN->EN,mrr@5,bm25,25,1.0000,0.0100,0.9900,0.0500,0.9694,1.0106,99.0000,0.0,0.000001,19.8000,***
bm25_BN->EN,ndcg@5,bm25,25,0.7655,0.0172,0.7483,0.1871,0.6711,0.8255,19.9990,0.0,0.000012,3.9998,***
bm25_BN->EN,precision@5,bm25,25,0.6960,0.0080,0.6880,0.2088,0.6018,0.7742,16.4746,0.0,0.000011,3.2949,***
hybrid_EN->BN,recall@5,hybrid,25,0.9800,0.0208,0.9592,0.1093,0.9141,1.0043,43.8888,0.0,0.000005,8.7778,***
hybrid_EN->BN,mrr@5,hybrid,25,1.0000,0.0813,0.9187,0.1595,0.8528,0.9845,28.7944,0.0,0.000004,5.7589,***
hybrid_EN->BN,ndcg@5,hybrid,25,0.9845,0.0513,0.9332,0.1203,0.8835,0.9828,38.7926,0.0,0.000005,7.7585,***
hybrid_EN->BN,precision@5,hybrid,25,0.2000,0.0640,0.1360,0.1254,0.0842,0.1878,5.4212,22.0,0.000224,1.0842,***
hybrid_BN->EN,recall@5,hybrid,25,0.1533,0.0400,0.1133,0.2217,0.0218,0.2048,2.5546,24.0,0.000335,0.5109,***
hybrid_BN->EN,mrr@5,hybrid,25,0.9200,0.0100,0.9100,0.2380,0.8117,1.0083,19.1138,0.0,0.000003,3.8228,***
hybrid_BN->EN,ndcg@5,hybrid,25,0.7086,0.0172,0.6913,0.2694,0.5801,0.8025,12.8315,0.0,0.000019,2.5663,***
hybrid_BN->EN,precision@5,hybrid,25,0.6560,0.0080,0.6480,0.2786,0.5330,0.7630,11.6309,0.0,0.000016,2.3262,***
