unit_id,metric,strategy,modality_mono,modality_cross,score_mono,score_cross,penalty
climate_01,recall@5,dense,EN-EN,EN-BN,1.0000,0.0909,0.9091
climate_02,recall@5,dense,EN-EN,EN-BN,1.0000,0.1667,0.8333
climate_03,recall@5,dense,EN-EN,EN-BN,1.0000,0.0769,0.9231
climate_04,recall@5,dense,EN-EN,EN-BN,1.0000,0.1290,0.8710
climate_05,recall@5,dense,EN-EN,EN-BN,1.0000,0.1176,0.8824
climate_06,recall@5,dense,EN-EN,EN-BN,1.0000,0.1053,0.8947
climate_07,recall@5,dense,EN-EN,EN-BN,1.0000,0.0385,0.9615
cs_01,recall@5,dense,EN-EN,EN-BN,1.0000,0.0444,0.9556
cs_02,recall@5,dense,EN-EN,EN-BN,1.0000,0.1818,0.8182
cs_03,recall@5,dense,EN-EN,EN-BN,1.0000,0.0714,0.9286
cs_04,recall@5,dense,EN-EN,EN-BN,1.0000,0.2857,0.7143
cs_05,recall@5,dense,EN-EN,EN-BN,1.0000,0.4000,0.6000
cs_06,recall@5,dense,EN-EN,EN-BN,1.0000,0.0541,0.9459
geo_01,recall@5,dense,EN-EN,EN-BN,1.0000,0.1667,0.8333
geo_02,recall@5,dense,EN-EN,EN-BN,0.5000,0.0455,0.4545
geo_03,recall@5,dense,EN-EN,EN-BN,1.0000,0.1000,0.9000
geo_04,recall@5,dense,EN-EN,EN-BN,1.0000,0.0741,0.9259
geo_05,recall@5,dense,EN-EN,EN-BN,1.0000,0.1333,0.8667
geo_06,recall@5,dense,EN-EN,EN-BN,1.0000,0.1000,0.9000
health_01,recall@5,dense,EN-EN,EN-BN,1.0000,0.1200,0.8800
health_02,recall@5,dense,EN-EN,EN-BN,1.0000,0.0714,0.9286
health_03,recall@5,dense,EN-EN,EN-BN,1.0000,0.0952,0.9048
health_04,recall@5,dense,EN-EN,EN-BN,1.0000,0.1579,0.8421
health_05,recall@5,dense,EN-EN,EN-BN,1.0000,0.0571,0.9429
health_06,recall@5,dense,EN-EN,EN-BN,1.0000,0.0833,0.9167
climate_01,mrr@5,dense,EN-EN,EN-BN,1.0000,0.5000,0.5000
climate_02,mrr@5,dense,EN-EN,EN-BN,1.0000,0.5000,0.5000
climate_03,mrr@5,dense,EN-EN,EN-BN,1.0000,0.5000,0.5000
climate_04,mrr@5,dense,EN-EN,EN-BN,1.0000,0.5000,0.5000
climate_05,mrr@5,dense,EN-EN,EN-BN,1.0000,0.3333,0.6667
climate_06,mrr@5,dense,EN-EN,EN-BN,1.0000,0.3333,0.6667
climate_07,mrr@5,dense,EN-EN,EN-BN,1.0000,0.5000,0.5000
cs_01,mrr@5,dense,EN-EN,EN-BN,1.0000,0.5000,0.5000
cs_02,mrr@5,dense,EN-EN,EN-BN,1.0000,0.5000,0.5000
cs_03,mrr@5,dense,EN-EN,EN-BN,0.5000,1.0000,-0.5000
cs_04,mrr@5,dense,EN-EN,EN-BN,1.0000,0.5000,0.5000
cs_05,mrr@5,dense,EN-EN,EN-BN,1.0000,0.5000,0.5000
cs_06,mrr@5,dense,EN-EN,EN-BN,1.0000,0.5000,0.5000
geo_01,mrr@5,dense,EN-EN,EN-BN,1.0000,0.5000,0.5000
geo_02,mrr@5,dense,EN-EN,EN-BN,1.0000,0.5000,0.5000
geo_03,mrr@5,dense,EN-EN,EN-BN,1.0000,0.5000,0.5000
geo_04,mrr@5,dense,EN-EN,EN-BN,1.0000,0.5000,0.5000
geo_05,mrr@5,dense,EN-EN,EN-BN,1.0000,0.3333,0.6667
geo_06,mrr@5,dense,EN-EN,EN-BN,1.0000,0.3333,0.6667
health_01,mrr@5,dense,EN-EN,EN-BN,1.0000,0.5000,0.5000
health_02,mrr@5,dense,EN-EN,EN-BN,1.0000,0.5000,0.5000
health_03,mrr@5,dense,EN-EN,EN-BN,1.0000,0.5000,0.5000
health_04,mrr@5,dense,EN-EN,EN-BN,1.0000,0.5000,0.5000
health_05,mrr@5,dense,EN-EN,EN-BN,1.0000,0.5000,0.5000
health_06,mrr@5,dense,EN-EN,EN-BN,1.0000,0.5000,0.5000
climate_01,ndcg@5,dense,EN-EN,EN-BN,1.0000,0.5296,0.4704
climate_02,ndcg@5,dense,EN-EN,EN-BN,1.0000,0.5296,0.4704
climate_03,ndcg@5,dense,EN-EN,EN-BN,1.0000,0.3452,0.6548
climate_04,ndcg@5,dense,EN-EN,EN-BN,1.0000,0.6608,0.3392
climate_05,ndcg@5,dense,EN-EN,EN-BN,1.0000,0.3008,0.6992
climate_06,ndcg@5,dense,EN-EN,EN-BN,1.0000,0.3156,0.6844
climate_07,ndcg@5,dense,EN-EN,EN-BN,1.0000,0.2140,0.7860
cs_01,ndcg@5,dense,EN-EN,EN-BN,1.0000,0.3836,0.6164
cs_02,ndcg@5,dense,EN-EN,EN-BN,1.0000,0.3836,0.6164
cs_03,ndcg@5,dense,EN-EN,EN-BN,0.6309,0.6548,-0.0239
cs_04,ndcg@5,dense,EN-EN,EN-BN,1.0000,0.3836,0.6164
cs_05,ndcg@5,dense,EN-EN,EN-BN,1.0000,0.3836,0.6164
cs_06,ndcg@5,dense,EN-EN,EN-BN,1.0000,0.3836,0.6164
geo_01,ndcg@5,dense,EN-EN,EN-BN,1.0000,0.2140,0.7860
geo_02,ndcg@5,dense,EN-EN,EN-BN,0.6131,0.3836,0.2296
geo_03,ndcg@5,dense,EN-EN,EN-BN,1.0000,0.2140,0.7860
geo_04,ndcg@5,dense,EN-EN,EN-BN,1.0000,0.3836,0.6164
geo_05,ndcg@5,dense,EN-EN,EN-BN,1.0000,0.3156,0.6844
geo_06,ndcg@5,dense,EN-EN,EN-BN,1.0000,0.1696,0.8304
health_01,ndcg@5,dense,EN-EN,EN-BN,1.0000,0.5296,0.4704
health_02,ndcg@5,dense,EN-EN,EN-BN,1.0000,0.5148,0.4852
health_03,ndcg@5,dense,EN-EN,EN-BN,1.0000,0.3836,0.6164
health_04,ndcg@5,dense,EN-EN,EN-BN,1.0000,0.5296,0.4704
health_05,ndcg@5,dense,EN-EN,EN-BN,1.0000,0.3601,0.6399
health_06,ndcg@5,dense,EN-EN,EN-BN,1.0000,0.5148,0.4852
climate_01,precision@5,dense,EN-EN,EN-BN,0.2000,0.6000,-0.4000
climate_02,precision@5,dense,EN-EN,EN-BN,0.2000,0.6000,-0.4000
climate_03,precision@5,dense,EN-EN,EN-BN,0.2000,0.4000,-0.2000
climate_04,precision@5,dense,EN-EN,EN-BN,0.2000,0.8000,-0.6000
climate_05,precision@5,dense,EN-EN,EN-BN,0.2000,0.4000,-0.2000
climate_06,precision@5,dense,EN-EN,EN-BN,0.2000,0.4000,-0.2000
climate_07,precision@5,dense,EN-EN,EN-BN,0.2000,0.2000,0.0000
cs_01,precision@5,dense,EN-EN,EN-BN,0.2000,0.4000,-0.2000
cs_02,precision@5,dense,EN-EN,EN-BN,0.2000,0.4000,-0.2000
cs_03,precision@5,dense,EN-EN,EN-BN,0.2000,0.6000,-0.4000
cs_04,precision@5,dense,EN-EN,EN-BN,0.2000,0.4000,-0.2000
cs_05,precision@5,dense,EN-EN,EN-BN,0.2000,0.4000,-0.2000
cs_06,precision@5,dense,EN-EN,EN-BN,0.2000,0.4000,-0.2000
geo_01,precision@5,dense,EN-EN,EN-BN,0.2000,0.2000,0.0000
geo_02,precision@5,dense,EN-EN,EN-BN,0.2000,0.4000,-0.2000
geo_03,precision@5,dense,EN-EN,EN-BN,0.2000,0.2000,0.0000
geo_04,precision@5,dense,EN-EN,EN-BN,0.2000,0.4000,-0.2000
geo_05,precision@5,dense,EN-EN,EN-BN,0.2000,0.4000,-0.2000
geo_06,precision@5,dense,EN-EN,EN-BN,0.2000,0.2000,0.0000
health_01,precision@5,dense,EN-EN,EN-BN,0.2000,0.6000,-0.4000
health_02,precision@5,dense,EN-EN,EN-BN,0.2000,0.6000,-0.4000
health_03,precision@5,dense,EN-EN,EN-BN,0.2000,0.4000,-0.2000
health_04,precision@5,dense,EN-EN,EN-BN,0.2000,0.6000,-0.4000
health_05,precision@5,dense,EN-EN,EN-BN,0.2000,0.4000,-0.2000
health_06,precision@5,dense,EN-EN,EN-BN,0.2000,0.6000,-0.4000
climate_01,recall@5,dense,BN-BN,BN-EN,0.0909,1.0000,-0.9091
climate_02,recall@5,dense,BN-BN,BN-EN,0.2222,1.0000,-0.7778
climate_03,recall@5,dense,BN-BN,BN-EN,0.1538,1.0000,-0.8462
climate_04,recall@5,dense,BN-BN,BN-EN,0.1290,1.0000,-0.8710
climate_05,recall@5,dense,BN-BN,BN-EN,0.1176,1.0000,-0.8824
climate_06,recall@5,dense,BN-BN,BN-EN,0.1579,1.0000,-0.8421
climate_07,recall@5,dense,BN-BN,BN-EN,0.0769,1.0000,-0.9231
cs_01,recall@5,dense,BN-BN,BN-EN,0.0667,1.0000,-0.9333
cs_02,recall@5,dense,BN-BN,BN-EN,0.2727,1.0000,-0.7273
cs_03,recall@5,dense,BN-BN,BN-EN,0.0714,1.0000,-0.9286
cs_04,recall@5,dense,BN-BN,BN-EN,0.1429,1.0000,-0.8571
cs_05,recall@5,dense,BN-BN,BN-EN,0.4000,1.0000,-0.6000
cs_06,recall@5,dense,BN-BN,BN-EN,0.0811,1.0000,-0.9189
geo_01,recall@5,dense,BN-BN,BN-EN,0.1667,1.0000,-0.8333
geo_02,recall@5,dense,BN-BN,BN-EN,0.0682,0.5000,-0.4318
geo_03,recall@5,dense,BN-BN,BN-EN,0.1000,1.0000,-0.9000
geo_04,recall@5,dense,BN-BN,BN-EN,0.0741,1.0000,-0.9259
geo_05,recall@5,dense,BN-BN,BN-EN,0.2000,1.0000,-0.8000
geo_06,recall@5,dense,BN-BN,BN-EN,0.3000,1.0000,-0.7000
health_01,recall@5,dense,BN-BN,BN-EN,0.1600,1.0000,-0.8400
health_02,recall@5,dense,BN-BN,BN-EN,0.0714,1.0000,-0.9286
health_03,recall@5,dense,BN-BN,BN-EN,0.0952,1.0000,-0.9048
health_04,recall@5,dense,BN-BN,BN-EN,0.1579,1.0000,-0.8421
health_05,recall@5,dense,BN-BN,BN-EN,0.0857,1.0000,-0.9143
health_06,recall@5,dense,BN-BN,BN-EN,0.0833,1.0000,-0.9167
climate_01,mrr@5,dense,BN-BN,BN-EN,0.5000,1.0000,-0.5000
climate_02,mrr@5,dense,BN-BN,BN-EN,1.0000,0.3333,0.6667
climate_03,mrr@5,dense,BN-BN,BN-EN,1.0000,0.3333,0.6667
climate_04,mrr@5,dense,BN-BN,BN-EN,1.0000,0.5000,0.5000
climate_05,mrr@5,dense,BN-BN,BN-EN,1.0000,0.2500,0.7500
climate_06,mrr@5,dense,BN-BN,BN-EN,1.0000,0.5000,0.5000
climate_07,mrr@5,dense,BN-BN,BN-EN,1.0000,0.5000,0.5000
cs_01,mrr@5,dense,BN-BN,BN-EN,1.0000,0.3333,0.6667
cs_02,mrr@5,dense,BN-BN,BN-EN,1.0000,0.5000,0.5000
cs_03,mrr@5,dense,BN-BN,BN-EN,1.0000,0.5000,0.5000
cs_04,mrr@5,dense,BN-BN,BN-EN,1.0000,0.5000,0.5000
cs_05,mrr@5,dense,BN-BN,BN-EN,1.0000,0.5000,0.5000
cs_06,mrr@5,dense,BN-BN,BN-EN,1.0000,0.5000,0.5000
geo_01,mrr@5,dense,BN-BN,BN-EN,1.0000,0.2500,0.7500
geo_02,mrr@5,dense,BN-BN,BN-EN,1.0000,0.5000,0.5000
geo_03,mrr@5,dense,BN-BN,BN-EN,1.0000,0.5000,0.5000
geo_04,mrr@5,dense,BN-BN,BN-EN,1.0000,0.3333,0.6667
geo_05,mrr@5,dense,BN-BN,BN-EN,0.3333,1.0000,-0.6667
geo_06,mrr@5,dense,BN-BN,BN-EN,1.0000,0.5000,0.5000
health_01,mrr@5,dense,BN-BN,BN-EN,0.5000,1.0000,-0.5000
health_02,mrr@5,dense,BN-BN,BN-EN,1.0000,0.5000,0.5000
health_03,mrr@5,dense,BN-BN,BN-EN,0.5000,1.0000,-0.5000
health_04,mrr@5,dense,BN-BN,BN-EN,1.0000,0.3333,0.6667
health_05,mrr@5,dense,BN-BN,BN-EN,1.0000,0.3333,0.6667
health_06,mrr@5,dense,BN-BN,BN-EN,0.5000,1.0000,-0.5000
climate_01,ndcg@5,dense,BN-BN,BN-EN,0.5296,1.0000,-0.4704
climate_02,ndcg@5,dense,BN-BN,BN-EN,0.8304,0.5000,0.3304
climate_03,ndcg@5,dense,BN-BN,BN-EN,0.8304,0.5000,0.3304
climate_04,ndcg@5,dense,BN-BN,BN-EN,0.7860,0.6309,0.1551
climate_05,ndcg@5,dense,BN-BN,BN-EN,0.4704,0.4307,0.0397
climate_06,ndcg@5,dense,BN-BN,BN-EN,0.6399,0.6309,0.0090
climate_07,ndcg@5,dense,BN-BN,BN-EN,0.5087,0.6309,-0.1222
cs_01,ndcg@5,dense,BN-BN,BN-EN,0.6992,0.5000,0.1992
cs_02,ndcg@5,dense,BN-BN,BN-EN,0.6399,0.6309,0.0090
cs_03,ndcg@5,dense,BN-BN,BN-EN,0.6548,0.6309,0.0239
cs_04,ndcg@5,dense,BN-BN,BN-EN,0.3392,0.6309,-0.2918
cs_05,ndcg@5,dense,BN-BN,BN-EN,0.5087,0.6309,-0.1222
cs_06,ndcg@5,dense,BN-BN,BN-EN,0.6164,0.6309,-0.0145
geo_01,ndcg@5,dense,BN-BN,BN-EN,0.3392,0.4307,-0.0915
geo_02,ndcg@5,dense,BN-BN,BN-EN,0.6548,0.3869,0.2680
geo_03,ndcg@5,dense,BN-BN,BN-EN,0.3392,0.6309,-0.2918
geo_04,ndcg@5,dense,BN-BN,BN-EN,0.5531,0.5000,0.0531
geo_05,ndcg@5,dense,BN-BN,BN-EN,0.4469,1.0000,-0.5531
geo_06,ndcg@5,dense,BN-BN,BN-EN,0.6399,0.6309,0.0090
health_01,ndcg@5,dense,BN-BN,BN-EN,0.6608,1.0000,-0.3392
health_02,ndcg@5,dense,BN-BN,BN-EN,0.6399,0.6309,0.0090
health_03,ndcg@5,dense,BN-BN,BN-EN,0.3836,1.0000,-0.6164
health_04,ndcg@5,dense,BN-BN,BN-EN,0.6992,0.5000,0.1992
health_05,ndcg@5,dense,BN-BN,BN-EN,0.6844,0.5000,0.1844
health_06,ndcg@5,dense,BN-BN,BN-EN,0.5148,1.0000,-0.4852
climate_01,precision@5,dense,BN-BN,BN-EN,0.6000,0.2000,0.4000
climate_02,precision@5,dense,BN-BN,BN-EN,0.8000,0.2000,0.6000
climate_03,precision@5,dense,BN-BN,BN-EN,0.8000,0.2000,0.6000
climate_04,precision@5,dense,BN-BN,BN-EN,0.8000,0.2000,0.6000
climate_05,precision@5,dense,BN-BN,BN-EN,0.4000,0.2000,0.2000
climate_06,precision@5,dense,BN-BN,BN-EN,0.6000,0.2000,0.4000
climate_07,precision@5,dense,BN-BN,BN-EN,0.4000,0.2000,0.2000
cs_01,precision@5,dense,BN-BN,BN-EN,0.6000,0.2000,0.4000
cs_02,precision@5,dense,BN-BN,BN-EN,0.6000,0.2000,0.4000
cs_03,precision@5,dense,BN-BN,BN-EN,0.6000,0.2000,0.4000
cs_04,precision@5,dense,BN-BN,BN-EN,0.2000,0.2000,0.0000
cs_05,precision@5,dense,BN-BN,BN-EN,0.4000,0.2000,0.2000
cs_06,precision@5,dense,BN-BN,BN-EN,0.6000,0.2000,0.4000
geo_01,precision@5,dense,BN-BN,BN-EN,0.2000,0.2000,0.0000
geo_02,precision@5,dense,BN-BN,BN-EN,0.6000,0.2000,0.4000
geo_03,precision@5,dense,BN-BN,BN-EN,0.2000,0.2000,0.0000
geo_04,precision@5,dense,BN-BN,BN-EN,0.4000,0.2000,0.2000
geo_05,precision@5,dense,BN-BN,BN-EN,0.6000,0.2000,0.4000
geo_06,precision@5,dense,BN-BN,BN-EN,0.6000,0.2000,0.4000
health_01,precision@5,dense,BN-BN,BN-EN,0.8000,0.2000,0.6000
health_02,precision@5,dense,BN-BN,BN-EN,0.6000,0.2000,0.4000
health_03,precision@5,dense,BN-BN,BN-EN,0.4000,0.2000,0.2000
health_04,precision@5,dense,BN-BN,BN-EN,0.6000,0.2000,0.4000
health_05,precision@5,dense,BN-BN,BN-EN,0.6000,0.2000,0.4000
health_06,precision@5,dense,BN-BN,BN-EN,0.6000,0.2000,0.4000
climate_01,recall@5,bm25,EN-EN,EN-BN,1.0000,0.0000,1.0000
climate_02,recall@5,bm25,EN-EN,EN-BN,1.0000,0.0000,1.0000
climate_03,recall@5,bm25,EN-EN,EN-BN,1.0000,0.0000,1.0000
climate_04,recall@5,bm25,EN-EN,EN-BN,1.0000,0.0000,1.0000
climate_05,recall@5,bm25,EN-EN,EN-BN,1.0000,0.0000,1.0000
climate_06,recall@5,bm25,EN-EN,EN-BN,1.0000,0.0000,1.0000
climate_07,recall@5,bm25,EN-EN,EN-BN,1.0000,0.0000,1.0000
cs_01,recall@5,bm25,EN-EN,EN-BN,1.0000,0.0000,1.0000
cs_02,recall@5,bm25,EN-EN,EN-BN,1.0000,0.0000,1.0000
cs_03,recall@5,bm25,EN-EN,EN-BN,1.0000,0.0238,0.9762
cs_04,recall@5,bm25,EN-EN,EN-BN,1.0000,0.0000,1.0000
cs_05,recall@5,bm25,EN-EN,EN-BN,1.0000,0.0000,1.0000
cs_06,recall@5,bm25,EN-EN,EN-BN,1.0000,0.0270,0.9730
geo_01,recall@5,bm25,EN-EN,EN-BN,1.0000,0.0000,1.0000
geo_02,recall@5,bm25,EN-EN,EN-BN,0.5000,0.0000,0.5000
geo_03,recall@5,bm25,EN-EN,EN-BN,1.0000,0.0000,1.0000
geo_04,recall@5,bm25,EN-EN,EN-BN,1.0000,0.0000,1.0000
geo_05,recall@5,bm25,EN-EN,EN-BN,1.0000,0.0000,1.0000
geo_06,recall@5,bm25,EN-EN,EN-BN,1.0000,0.0000,1.0000
health_01,recall@5,bm25,EN-EN,EN-BN,1.0000,0.0000,1.0000
health_02,recall@5,bm25,EN-EN,EN-BN,1.0000,0.0000,1.0000
health_03,recall@5,bm25,EN-EN,EN-BN,1.0000,0.0000,1.0000
health_04,recall@5,bm25,EN-EN,EN-BN,1.0000,0.0000,1.0000
health_05,recall@5,bm25,EN-EN,EN-BN,1.0000,0.0000,1.0000
health_06,recall@5,bm25,EN-EN,EN-BN,1.0000,0.0000,1.0000
climate_01,mrr@5,bm25,EN-EN,EN-BN,1.0000,0.0000,1.0000
climate_02,mrr@5,bm25,EN-EN,EN-BN,1.0000,0.0000,1.0000
climate_03,mrr@5,bm25,EN-EN,EN-BN,1.0000,0.0000,1.0000
climate_04,mrr@5,bm25,EN-EN,EN-BN,1.0000,0.0000,1.0000
climate_05,mrr@5,bm25,EN-EN,EN-BN,1.0000,0.0000,1.0000
climate_06,mrr@5,bm25,EN-EN,EN-BN,1.0000,0.0000,1.0000
climate_07,mrr@5,bm25,EN-EN,EN-BN,1.0000,0.0000,1.0000
cs_01,mrr@5,bm25,EN-EN,EN-BN,1.0000,0.0000,1.0000
cs_02,mrr@5,bm25,EN-EN,EN-BN,1.0000,0.0000,1.0000
cs_03,mrr@5,bm25,EN-EN,EN-BN,1.0000,0.3333,0.6667
cs_04,mrr@5,bm25,EN-EN,EN-BN,1.0000,0.0000,1.0000
cs_05,mrr@5,bm25,EN-EN,EN-BN,1.0000,0.0000,1.0000
cs_06,mrr@5,bm25,EN-EN,EN-BN,1.0000,0.3333,0.6667
geo_01,mrr@5,bm25,EN-EN,EN-BN,1.0000,0.0000,1.0000
geo_02,mrr@5,bm25,EN-EN,EN-BN,1.0000,0.0000,1.0000
geo_03,mrr@5,bm25,EN-EN,EN-BN,1.0000,0.0000,1.0000
geo_04,mrr@5,bm25,EN-EN,EN-BN,1.0000,0.0000,1.0000
geo_05,mrr@5,bm25,EN-EN,EN-BN,1.0000,0.0000,1.0000
geo_06,mrr@5,bm25,EN-EN,EN-BN,1.0000,0.0000,1.0000
health_01,mrr@5,bm25,EN-EN,EN-BN,1.0000,0.0000,1.0000
health_02,mrr@5,bm25,EN-EN,EN-BN,1.0000,0.0000,1.0000
health_03,mrr@5,bm25,EN-EN,EN-BN,1.0000,0.0000,1.0000
health_04,mrr@5,bm25,EN-EN,EN-BN,1.0000,0.0000,1.0000
health_05,mrr@5,bm25,EN-EN,EN-BN,1.0000,0.0000,1.0000
health_06,mrr@5,bm25,EN-EN,EN-BN,1.0000,0.0000,1.0000
climate_01,ndcg@5,bm25,EN-EN,EN-BN,1.0000,0.0000,1.0000
climate_02,ndcg@5,bm25,EN-EN,EN-BN,1.0000,0.0000,1.0000
climate_03,ndcg@5,bm25,EN-EN,EN-BN,1.0000,0.0000,1.0000
climate_04,ndcg@5,bm25,EN-EN,EN-BN,1.0000,0.0000,1.0000
climate_05,ndcg@5,bm25,EN-EN,EN-BN,1.0000,0.0000,1.0000
climate_06,ndcg@5,bm25,EN-EN,EN-BN,1.0000,0.0000,1.0000
climate_07,ndcg@5,bm25,EN-EN,EN-BN,1.0000,0.0000,1.0000
cs_01,ndcg@5,bm25,EN-EN,EN-BN,1.0000,0.0000,1.0000
cs_02,ndcg@5,bm25,EN-EN,EN-BN,1.0000,0.0000,1.0000
cs_03,ndcg@5,bm25,EN-EN,EN-BN,1.0000,0.1696,0.8304
cs_04,ndcg@5,bm25,EN-EN,EN-BN,1.0000,0.0000,1.0000
cs_05,ndcg@5,bm25,EN-EN,EN-BN,1.0000,0.0000,1.0000
cs_06,ndcg@5,bm25,EN-EN,EN-BN,1.0000,0.1696,0.8304
geo_01,ndcg@5,bm25,EN-EN,EN-BN,1.0000,0.0000,1.0000
geo_02,ndcg@5,bm25,EN-EN,EN-BN,0.6131,0.0000,0.6131
geo_03,ndcg@5,bm25,EN-EN,EN-BN,1.0000,0.0000,1.0000
geo_04,ndcg@5,bm25,EN-EN,EN-BN,1.0000,0.0000,1.0000
geo_05,ndcg@5,bm25,EN-EN,EN-BN,1.0000,0.0000,1.0000
geo_06,ndcg@5,bm25,EN-EN,EN-BN,1.0000,0.0000,1.0000
health_01,ndcg@5,bm25,EN-EN,EN-BN,1.0000,0.0000,1.0000
health_02,ndcg@5,bm25,EN-EN,EN-BN,1.0000,0.0000,1.0000
health_03,ndcg@5,bm25,EN-EN,EN-BN,1.0000,0.0000,1.0000
health_04,ndcg@5,bm25,EN-EN,EN-BN,1.0000,0.0000,1.0000
health_05,ndcg@5,bm25,EN-EN,EN-BN,1.0000,0.0000,1.0000
health_06,ndcg@5,bm25,EN-EN,EN-BN,1.0000,0.0000,1.0000
climate_01,precision@5,bm25,EN-EN,EN-BN,0.2000,0.0000,0.2000
climate_02,precision@5,bm25,EN-EN,EN-BN,0.2000,0.0000,0.2000
climate_03,precision@5,bm25,EN-EN,EN-BN,0.2000,0.0000,0.2000
climate_04,precision@5,bm25,EN-EN,EN-BN,0.2000,0.0000,0.2000
climate_05,precision@5,bm25,EN-EN,EN-BN,0.2000,0.0000,0.2000
climate_06,precision@5,bm25,EN-EN,EN-BN,0.2000,0.0000,0.2000
climate_07,precision@5,bm25,EN-EN,EN-BN,0.2000,0.0000,0.2000
cs_01,precision@5,bm25,EN-EN,EN-BN,0.2000,0.0000,0.2000
cs_02,precision@5,bm25,EN-EN,EN-BN,0.2000,0.0000,0.2000
cs_03,precision@5,bm25,EN-EN,EN-BN,0.2000,0.2000,0.0000
cs_04,precision@5,bm25,EN-EN,EN-BN,0.2000,0.0000,0.2000
cs_05,precision@5,bm25,EN-EN,EN-BN,0.2000,0.0000,0.2000
cs_06,precision@5,bm25,EN-EN,EN-BN,0.2000,0.2000,0.0000
geo_01,precision@5,bm25,EN-EN,EN-BN,0.2000,0.0000,0.2000
geo_02,precision@5,bm25,EN-EN,EN-BN,0.2000,0.0000,0.2000
geo_03,precision@5,bm25,EN-EN,EN-BN,0.2000,0.0000,0.2000
geo_04,precision@5,bm25,EN-EN,EN-BN,0.2000,0.0000,0.2000
geo_05,precision@5,bm25,EN-EN,EN-BN,0.2000,0.0000,0.2000
geo_06,precision@5,bm25,EN-EN,EN-BN,0.2000,0.0000,0.2000
health_01,precision@5,bm25,EN-EN,EN-BN,0.2000,0.0000,0.2000
health_02,precision@5,bm25,EN-EN,EN-BN,0.2000,0.0000,0.2000
health_03,precision@5,bm25,EN-EN,EN-BN,0.2000,0.0000,0.2000
health_04,precision@5,bm25,EN-EN,EN-BN,0.2000,0.0000,0.2000
health_05,precision@5,bm25,EN-EN,EN-BN,0.2000,0.0000,0.2000
health_06,precision@5,bm25,EN-EN,EN-BN,0.2000,0.0000,0.2000
climate_01,recall@5,bm25,BN-BN,BN-EN,0.1212,0.0000,0.1212
climate_02,recall@5,bm25,BN-BN,BN-EN,0.2222,0.0000,0.2222
climate_03,recall@5,bm25,BN-BN,BN-EN,0.1538,0.0000,0.1538
climate_04,recall@5,bm25,BN-BN,BN-EN,0.1613,0.0000,0.1613
climate_05,recall@5,bm25,BN-BN,BN-EN,0.1176,0.0000,0.1176
climate_06,recall@5,bm25,BN-BN,BN-EN,0.1053,0.0000,0.1053
climate_07,recall@5,bm25,BN-BN,BN-EN,0.1538,0.0000,0.1538
cs_01,recall@5,bm25,BN-BN,BN-EN,0.1111,0.0000,0.1111
cs_02,recall@5,bm25,BN-BN,BN-EN,0.3636,0.0000,0.3636
cs_03,recall@5,bm25,BN-BN,BN-EN,0.0952,1.0000,-0.9048
cs_04,recall@5,bm25,BN-BN,BN-EN,0.2857,0.0000,0.2857
cs_05,recall@5,bm25,BN-BN,BN-EN,0.6000,0.0000,0.6000
cs_06,recall@5,bm25,BN-BN,BN-EN,0.1081,0.0000,0.1081
geo_01,recall@5,bm25,BN-BN,BN-EN,0.3333,0.0000,0.3333
geo_02,recall@5,bm25,BN-BN,BN-EN,0.0909,0.0000,0.0909
geo_03,recall@5,bm25,BN-BN,BN-EN,0.2000,0.0000,0.2000
geo_04,recall@5,bm25,BN-BN,BN-EN,0.1111,0.0000,0.1111
geo_05,recall@5,bm25,BN-BN,BN-EN,0.2000,0.0000,0.2000
geo_06,recall@5,bm25,BN-BN,BN-EN,0.3000,0.0000,0.3000
health_01,recall@5,bm25,BN-BN,BN-EN,0.1600,0.0000,0.1600
health_02,recall@5,bm25,BN-BN,BN-EN,0.1190,0.0000,0.1190
health_03,recall@5,bm25,BN-BN,BN-EN,0.1905,0.0000,0.1905
health_04,recall@5,bm25,BN-BN,BN-EN,0.1579,0.0000,0.1579
health_05,recall@5,bm25,BN-BN,BN-EN,0.0571,0.0000,0.0571
health_06,recall@5,bm25,BN-BN,BN-EN,0.1389,0.0000,0.1389
climate_01,mrr@5,bm25,BN-BN,BN-EN,1.0000,0.0000,1.0000
climate_02,mrr@5,bm25,BN-BN,BN-EN,1.0000,0.0000,1.0000
climate_03,mrr@5,bm25,BN-BN,BN-EN,1.0000,0.0000,1.0000
climate_04,mrr@5,bm25,BN-BN,BN-EN,1.0000,0.0000,1.0000
climate_05,mrr@5,bm25,BN-BN,BN-EN,1.0000,0.0000,1.0000
climate_06,mrr@5,bm25,BN-BN,BN-EN,1.0000,0.0000,1.0000
climate_07,mrr@5,bm25,BN-BN,BN-EN,1.0000,0.0000,1.0000
cs_01,mrr@5,bm25,BN-BN,BN-EN,1.0000,0.0000,1.0000
cs_02,mrr@5,bm25,BN-BN,BN-EN,1.0000,0.0000,1.0000
cs_03,mrr@5,bm25,BN-BN,BN-EN,1.0000,0.2500,0.7500
cs_04,mrr@5,bm25,BN-BN,BN-EN,1.0000,0.0000,1.0000
cs_05,mrr@5,bm25,BN-BN,BN-EN,1.0000,0.0000,1.0000
cs_06,mrr@5,bm25,BN-BN,BN-EN,1.0000,0.0000,1.0000
geo_01,mrr@5,bm25,BN-BN,BN-EN,1.0000,0.0000,1.0000
geo_02,mrr@5,bm25,BN-BN,BN-EN,1.0000,0.0000,1.0000
geo_03,mrr@5,bm25,BN-BN,BN-EN,1.0000,0.0000,1.0000
geo_04,mrr@5,bm25,BN-BN,BN-EN,1.0000,0.0000,1.0000
geo_05,mrr@5,bm25,BN-BN,BN-EN,1.0000,0.0000,1.0000
geo_06,mrr@5,bm25,BN-BN,BN-EN,1.0000,0.0000,1.0000
health_01,mrr@5,bm25,BN-BN,BN-EN,1.0000,0.0000,1.0000
health_02,mrr@5,bm25,BN-BN,BN-EN,1.0000,0.0000,1.0000
health_03,mrr@5,bm25,BN-BN,BN-EN,1.0000,0.0000,1.0000
health_04,mrr@5,bm25,BN-BN,BN-EN,1.0000,0.0000,1.0000
health_05,mrr@5,bm25,BN-BN,BN-EN,1.0000,0.0000,1.0000
health_06,mrr@5,bm25,BN-BN,BN-EN,1.0000,0.0000,1.0000
climate_01,ndcg@5,bm25,BN-BN,BN-EN,0.8688,0.0000,0.8688
climate_02,ndcg@5,bm25,BN-BN,BN-EN,0.8539,0.0000,0.8539
climate_03,ndcg@5,bm25,BN-BN,BN-EN,0.8688,0.0000,0.8688
climate_04,ndcg@5,bm25,BN-BN,BN-EN,1.0000,0.0000,1.0000
climate_05,ndcg@5,bm25,BN-BN,BN-EN,0.4704,0.0000,0.4704
climate_06,ndcg@5,bm25,BN-BN,BN-EN,0.5531,0.0000,0.5531
climate_07,ndcg@5,bm25,BN-BN,BN-EN,0.8688,0.0000,0.8688
cs_01,ndcg@5,bm25,BN-BN,BN-EN,1.0000,0.0000,1.0000
cs_02,ndcg@5,bm25,BN-BN,BN-EN,0.8688,0.0000,0.8688
cs_03,ndcg@5,bm25,BN-BN,BN-EN,0.8539,0.4307,0.4233
cs_04,ndcg@5,bm25,BN-BN,BN-EN,0.5087,0.0000,0.5087
cs_05,ndcg@5,bm25,BN-BN,BN-EN,0.6399,0.0000,0.6399
cs_06,ndcg@5,bm25,BN-BN,BN-EN,0.8539,0.0000,0.8539
geo_01,ndcg@5,bm25,BN-BN,BN-EN,0.5087,0.0000,0.5087
geo_02,ndcg@5,bm25,BN-BN,BN-EN,0.8688,0.0000,0.8688
geo_03,ndcg@5,bm25,BN-BN,BN-EN,0.4852,0.0000,0.4852
geo_04,ndcg@5,bm25,BN-BN,BN-EN,0.7227,0.0000,0.7227
geo_05,ndcg@5,bm25,BN-BN,BN-EN,0.6844,0.0000,0.6844
geo_06,ndcg@5,bm25,BN-BN,BN-EN,0.6992,0.0000,0.6992
health_01,ndcg@5,bm25,BN-BN,BN-EN,0.8688,0.0000,0.8688
health_02,ndcg@5,bm25,BN-BN,BN-EN,1.0000,0.0000,1.0000
health_03,ndcg@5,bm25,BN-BN,BN-EN,0.8539,0.0000,0.8539
health_04,ndcg@5,bm25,BN-BN,BN-EN,0.6844,0.0000,0.6844
health_05,ndcg@5,bm25,BN-BN,BN-EN,0.5531,0.0000,0.5531
health_06,ndcg@5,bm25,BN-BN,BN-EN,1.0000,0.0000,1.0000
climate_01,precision@5,bm25,BN-BN,BN-EN,0.8000,0.0000,0.8000
climate_02,precision@5,bm25,BN-BN,BN-EN,0.8000,0.0000,0.8000
climate_03,precision@5,bm25,BN-BN,BN-EN,0.8000,0.0000,0.8000
climate_04,precision@5,bm25,BN-BN,BN-EN,1.0000,0.0000,1.0000
climate_05,precision@5,bm25,BN-BN,BN-EN,0.4000,0.0000,0.4000
climate_06,precision@5,bm25,BN-BN,BN-EN,0.4000,0.0000,0.4000
climate_07,precision@5,bm25,BN-BN,BN-EN,0.8000,0.0000,0.8000
cs_01,precision@5,bm25,BN-BN,BN-EN,1.0000,0.0000,1.0000
cs_02,precision@5,bm25,BN-BN,BN-EN,0.8000,0.0000,0.8000
cs_03,precision@5,bm25,BN-BN,BN-EN,0.8000,0.2000,0.6000
cs_04,precision@5,bm25,BN-BN,BN-EN,0.4000,0.0000,0.4000
cs_05,precision@5,bm25,BN-BN,BN-EN,0.6000,0.0000,0.6000
cs_06,precision@5,bm25,BN-BN,BN-EN,0.8000,0.0000,0.8000
geo_01,precision@5,bm25,BN-BN,BN-EN,0.4000,0.0000,0.4000
geo_02,precision@5,bm25,BN-BN,BN-EN,0.8000,0.0000,0.8000
geo_03,precision@5,bm25,BN-BN,BN-EN,0.4000,0.0000,0.4000
geo_04,precision@5,bm25,BN-BN,BN-EN,0.6000,0.0000,0.6000
geo_05,precision@5,bm25,BN-BN,BN-EN,0.6000,0.0000,0.6000
geo_06,precision@5,bm25,BN-BN,BN-EN,0.6000,0.0000,0.6000
health_01,precision@5,bm25,BN-BN,BN-EN,0.8000,0.0000,0.8000
health_02,precision@5,bm25,BN-BN,BN-EN,1.0000,0.0000,1.0000
health_03,precision@5,bm25,BN-BN,BN-EN,0.8000,0.0000,0.8000
health_04,precision@5,bm25,BN-BN,BN-EN,0.6000,0.0000,0.6000
health_05,precision@5,bm25,BN-BN,BN-EN,0.4000,0.0000,0.4000
health_06,precision@5,bm25,BN-BN,BN-EN,1.0000,0.0000,1.0000
climate_01,recall@5,hybrid,EN-EN,EN-BN,1.0000,0.0000,1.0000
climate_02,recall@5,hybrid,EN-EN,EN-BN,1.0000,0.0000,1.0000
climate_03,recall@5,hybrid,EN-EN,EN-BN,1.0000,0.0000,1.0000
climate_04,recall@5,hybrid,EN-EN,EN-BN,1.0000,0.0323,0.9677
climate_05,recall@5,hybrid,EN-EN,EN-BN,1.0000,0.0000,1.0000
climate_06,recall@5,hybrid,EN-EN,EN-BN,1.0000,0.0000,1.0000
climate_07,recall@5,hybrid,EN-EN,EN-BN,1.0000,0.0000,1.0000
cs_01,recall@5,hybrid,EN-EN,EN-BN,1.0000,0.0000,1.0000
cs_02,recall@5,hybrid,EN-EN,EN-BN,1.0000,0.0000,1.0000
cs_03,recall@5,hybrid,EN-EN,EN-BN,1.0000,0.0238,0.9762
cs_04,recall@5,hybrid,EN-EN,EN-BN,1.0000,0.1429,0.8571
cs_05,recall@5,hybrid,EN-EN,EN-BN,1.0000,0.2000,0.8000
cs_06,recall@5,hybrid,EN-EN,EN-BN,1.0000,0.0270,0.9730
geo_01,recall@5,hybrid,EN-EN,EN-BN,1.0000,0.0000,1.0000
geo_02,recall@5,hybrid,EN-EN,EN-BN,0.5000,0.0000,0.5000
geo_03,recall@5,hybrid,EN-EN,EN-BN,1.0000,0.0000,1.0000
geo_04,recall@5,hybrid,EN-EN,EN-BN,1.0000,0.0000,1.0000
geo_05,recall@5,hybrid,EN-EN,EN-BN,1.0000,0.0000,1.0000
geo_06,recall@5,hybrid,EN-EN,EN-BN,1.0000,0.0000,1.0000
health_01,recall@5,hybrid,EN-EN,EN-BN,1.0000,0.0400,0.9600
health_02,recall@5,hybrid,EN-EN,EN-BN,1.0000,0.0000,1.0000
health_03,recall@5,hybrid,EN-EN,EN-BN,1.0000,0.0000,1.0000
health_04,recall@5,hybrid,EN-EN,EN-BN,1.0000,0.0000,1.0000
health_05,recall@5,hybrid,EN-EN,EN-BN,1.0000,0.0286,0.9714
health_06,recall@5,hybrid,EN-EN,EN-BN,1.0000,0.0000,1.0000
climate_01,mrr@5,hybrid,EN-EN,EN-BN,1.0000,0.0000,1.0000
climate_02,mrr@5,hybrid,EN-EN,EN-BN,1.0000,0.0000,1.0000
climate_03,mrr@5,hybrid,EN-EN,EN-BN,1.0000,0.0000,1.0000
climate_04,mrr@5,hybrid,EN-EN,EN-BN,1.0000,0.2500,0.7500
climate_05,mrr@5,hybrid,EN-EN,EN-BN,1.0000,0.0000,1.0000
climate_06,mrr@5,hybrid,EN-EN,EN-BN,1.0000,0.0000,1.0000
climate_07,mrr@5,hybrid,EN-EN,EN-BN,1.0000,0.0000,1.0000
cs_01,mrr@5,hybrid,EN-EN,EN-BN,1.0000,0.0000,1.0000
cs_02,mrr@5,hybrid,EN-EN,EN-BN,1.0000,0.0000,1.0000
cs_03,mrr@5,hybrid,EN-EN,EN-BN,1.0000,0.5000,0.5000
cs_04,mrr@5,hybrid,EN-EN,EN-BN,1.0000,0.5000,0.5000
cs_05,mrr@5,hybrid,EN-EN,EN-BN,1.0000,0.2500,0.7500
cs_06,mrr@5,hybrid,EN-EN,EN-BN,1.0000,0.5000,0.5000
geo_01,mrr@5,hybrid,EN-EN,EN-BN,1.0000,0.0000,1.0000
geo_02,mrr@5,hybrid,EN-EN,EN-BN,1.0000,0.0000,1.0000
geo_03,mrr@5,hybrid,EN-EN,EN-BN,1.0000,0.0000,1.0000
geo_04,mrr@5,hybrid,EN-EN,EN-BN,1.0000,0.0000,1.0000
geo_05,mrr@5,hybrid,EN-EN,EN-BN,1.0000,0.0000,1.0000
geo_06,mrr@5,hybrid,EN-EN,EN-BN,1.0000,0.0000,1.0000
health_01,mrr@5,hybrid,EN-EN,EN-BN,1.0000,0.2500,0.7500
health_02,mrr@5,hybrid,EN-EN,EN-BN,1.0000,0.0000,1.0000
health_03,mrr@5,hybrid,EN-EN,EN-BN,1.0000,0.0000,1.0000
health_04,mrr@5,hybrid,EN-EN,EN-BN,1.0000,0.0000,1.0000
health_05,mrr@5,hybrid,EN-EN,EN-BN,1.0000,0.2000,0.8000
health_06,mrr@5,hybrid,EN-EN,EN-BN,1.0000,0.0000,1.0000
climate_01,ndcg@5,hybrid,EN-EN,EN-BN,1.0000,0.0000,1.0000
climate_02,ndcg@5,hybrid,EN-EN,EN-BN,1.0000,0.0000,1.0000
climate_03,ndcg@5,hybrid,EN-EN,EN-BN,1.0000,0.0000,1.0000
climate_04,ndcg@5,hybrid,EN-EN,EN-BN,1.0000,0.1461,0.8539
climate_05,ndcg@5,hybrid,EN-EN,EN-BN,1.0000,0.0000,1.0000
climate_06,ndcg@5,hybrid,EN-EN,EN-BN,1.0000,0.0000,1.0000
climate_07,ndcg@5,hybrid,EN-EN,EN-BN,1.0000,0.0000,1.0000
cs_01,ndcg@5,hybrid,EN-EN,EN-BN,1.0000,0.0000,1.0000
cs_02,ndcg@5,hybrid,EN-EN,EN-BN,1.0000,0.0000,1.0000
cs_03,ndcg@5,hybrid,EN-EN,EN-BN,1.0000,0.2140,0.7860
cs_04,ndcg@5,hybrid,EN-EN,EN-BN,1.0000,0.2140,0.7860
cs_05,ndcg@5,hybrid,EN-EN,EN-BN,1.0000,0.1461,0.8539
cs_06,ndcg@5,hybrid,EN-EN,EN-BN,1.0000,0.2140,0.7860
geo_01,ndcg@5,hybrid,EN-EN,EN-BN,1.0000,0.0000,1.0000
geo_02,ndcg@5,hybrid,EN-EN,EN-BN,0.6131,0.0000,0.6131
geo_03,ndcg@5,hybrid,EN-EN,EN-BN,1.0000,0.0000,1.0000
geo_04,ndcg@5,hybrid,EN-EN,EN-BN,1.0000,0.0000,1.0000
geo_05,ndcg@5,hybrid,EN-EN,EN-BN,1.0000,0.0000,1.0000
geo_06,ndcg@5,hybrid,EN-EN,EN-BN,1.0000,0.0000,1.0000
health_01,ndcg@5,hybrid,EN-EN,EN-BN,1.0000,0.1461,0.8539
health_02,ndcg@5,hybrid,EN-EN,EN-BN,1.0000,0.0000,1.0000
health_03,ndcg@5,hybrid,EN-EN,EN-BN,1.0000,0.0000,1.0000
health_04,ndcg@5,hybrid,EN-EN,EN-BN,1.0000,0.0000,1.0000
health_05,ndcg@5,hybrid,EN-EN,EN-BN,1.0000,0.1312,0.8688
health_06,ndcg@5,hybrid,EN-EN,EN-BN,1.0000,0.0000,1.0000
climate_01,precision@5,hybrid,EN-EN,EN-BN,0.2000,0.0000,0.2000
climate_02,precision@5,hybrid,EN-EN,EN-BN,0.2000,0.0000,0.2000
climate_03,precision@5,hybrid,EN-EN,EN-BN,0.2000,0.0000,0.2000
climate_04,precision@5,hybrid,EN-EN,EN-BN,0.2000,0.2000,0.0000
climate_05,precision@5,hybrid,EN-EN,EN-BN,0.2000,0.0000,0.2000
climate_06,precision@5,hybrid,EN-EN,EN-BN,0.2000,0.0000,0.2000
climate_07,precision@5,hybrid,EN-EN,EN-BN,0.2000,0.0000,0.2000
cs_01,precision@5,hybrid,EN-EN,EN-BN,0.2000,0.0000,0.2000
cs_02,precision@5,hybrid,EN-EN,EN-BN,0.2000,0.0000,0.2000
cs_03,precision@5,hybrid,EN-EN,EN-BN,0.2000,0.2000,0.0000
cs_04,precision@5,hybrid,EN-EN,EN-BN,0.2000,0.2000,0.0000
cs_05,precision@5,hybrid,EN-EN,EN-BN,0.2000,0.2000,0.0000
cs_06,precision@5,hybrid,EN-EN,EN-BN,0.2000,0.2000,0.0000
geo_01,precision@5,hybrid,EN-EN,EN-BN,0.2000,0.0000,0.2000
geo_02,precision@5,hybrid,EN-EN,EN-BN,0.2000,0.0000,0.2000
geo_03,precision@5,hybrid,EN-EN,EN-BN,0.2000,0.0000,0.2000
geo_04,precision@5,hybrid,EN-EN,EN-BN,0.2000,0.0000,0.2000
geo_05,precision@5,hybrid,EN-EN,EN-BN,0.2000,0.0000,0.2000
geo_06,precision@5,hybrid,EN-EN,EN-BN,0.2000,0.0000,0.2000
health_01,precision@5,hybrid,EN-EN,EN-BN,0.2000,0.2000,0.0000
health_02,precision@5,hybrid,EN-EN,EN-BN,0.2000,0.0000,0.2000
health_03,precision@5,hybrid,EN-EN,EN-BN,0.2000,0.0000,0.2000
health_04,precision@5,hybrid,EN-EN,EN-BN,0.2000,0.0000,0.2000
health_05,precision@5,hybrid,EN-EN,EN-BN,0.2000,0.2000,0.0000
health_06,precision@5,hybrid,EN-EN,EN-BN,0.2000,0.0000,0.2000
climate_01,recall@5,hybrid,BN-BN,BN-EN,0.1212,0.0000,0.1212
climate_02,recall@5,hybrid,BN-BN,BN-EN,0.2778,0.0000,0.2778
climate_03,recall@5,hybrid,BN-BN,BN-EN,0.1923,0.0000,0.1923
climate_04,recall@5,hybrid,BN-BN,BN-EN,0.1290,1.0000,-0.8710
climate_05,recall@5,hybrid,BN-BN,BN-EN,0.1176,0.0000,0.1176
climate_06,recall@5,hybrid,BN-BN,BN-EN,0.1579,0.0000,0.1579
climate_07,recall@5,hybrid,BN-BN,BN-EN,0.1154,1.0000,-0.8846
cs_01,recall@5,hybrid,BN-BN,BN-EN,0.1111,0.0000,0.1111
cs_02,recall@5,hybrid,BN-BN,BN-EN,0.3636,0.0000,0.3636
cs_03,recall@5,hybrid,BN-BN,BN-EN,0.0714,1.0000,-0.9286
cs_04,recall@5,hybrid,BN-BN,BN-EN,0.2857,0.0000,0.2857
cs_05,recall@5,hybrid,BN-BN,BN-EN,0.6000,1.0000,-0.4000
cs_06,recall@5,hybrid,BN-BN,BN-EN,0.1351,0.0000,0.1351
geo_01,recall@5,hybrid,BN-BN,BN-EN,0.1667,1.0000,-0.8333
geo_02,recall@5,hybrid,BN-BN,BN-EN,0.1136,0.0000,0.1136
geo_03,recall@5,hybrid,BN-BN,BN-EN,0.4000,0.0000,0.4000
geo_04,recall@5,hybrid,BN-BN,BN-EN,0.0370,1.0000,-0.9630
geo_05,recall@5,hybrid,BN-BN,BN-EN,0.2667,0.0000,0.2667
geo_06,recall@5,hybrid,BN-BN,BN-EN,0.5000,0.0000,0.5000
health_01,recall@5,hybrid,BN-BN,BN-EN,0.2000,0.0000,0.2000
health_02,recall@5,hybrid,BN-BN,BN-EN,0.1190,0.0000,0.1190
health_03,recall@5,hybrid,BN-BN,BN-EN,0.1905,0.0000,0.1905
health_04,recall@5,hybrid,BN-BN,BN-EN,0.1579,0.0000,0.1579
health_05,recall@5,hybrid,BN-BN,BN-EN,0.0571,0.0000,0.0571
health_06,recall@5,hybrid,BN-BN,BN-EN,0.1111,0.0000,0.1111
climate_01,mrr@5,hybrid,BN-BN,BN-EN,1.0000,0.0000,1.0000
climate_02,mrr@5,hybrid,BN-BN,BN-EN,1.0000,0.0000,1.0000
climate_03,mrr@5,hybrid,BN-BN,BN-EN,1.0000,0.0000,1.0000
climate_04,mrr@5,hybrid,BN-BN,BN-EN,1.0000,0.2500,0.7500
climate_05,mrr@5,hybrid,BN-BN,BN-EN,0.5000,0.0000,0.5000
climate_06,mrr@5,hybrid,BN-BN,BN-EN,1.0000,0.0000,1.0000
climate_07,mrr@5,hybrid,BN-BN,BN-EN,1.0000,0.2500,0.7500
cs_01,mrr@5,hybrid,BN-BN,BN-EN,1.0000,0.0000,1.0000
cs_02,mrr@5,hybrid,BN-BN,BN-EN,1.0000,0.0000,1.0000
cs_03,mrr@5,hybrid,BN-BN,BN-EN,1.0000,0.3333,0.6667
cs_04,mrr@5,hybrid,BN-BN,BN-EN,1.0000,0.0000,1.0000
cs_05,mrr@5,hybrid,BN-BN,BN-EN,1.0000,0.2500,0.7500
cs_06,mrr@5,hybrid,BN-BN,BN-EN,1.0000,0.0000,1.0000
geo_01,mrr@5,hybrid,BN-BN,BN-EN,1.0000,0.3333,0.6667
geo_02,mrr@5,hybrid,BN-BN,BN-EN,1.0000,0.0000,1.0000
geo_03,mrr@5,hybrid,BN-BN,BN-EN,1.0000,0.0000,1.0000
geo_04,mrr@5,hybrid,BN-BN,BN-EN,1.0000,0.3333,0.6667
geo_05,mrr@5,hybrid,BN-BN,BN-EN,1.0000,0.0000,1.0000
geo_06,mrr@5,hybrid,BN-BN,BN-EN,1.0000,0.0000,1.0000
health_01,mrr@5,hybrid,BN-BN,BN-EN,1.0000,0.0000,1.0000
health_02,mrr@5,hybrid,BN-BN,BN-EN,1.0000,0.0000,1.0000
health_03,mrr@5,hybrid,BN-BN,BN-EN,1.0000,0.0000,1.0000
health_04,mrr@5,hybrid,BN-BN,BN-EN,1.0000,0.0000,1.0000
health_05,mrr@5,hybrid,BN-BN,BN-EN,1.0000,0.0000,1.0000
health_06,mrr@5,hybrid,BN-BN,BN-EN,1.0000,0.0000,1.0000
climate_01,ndcg@5,hybrid,BN-BN,BN-EN,0.8688,0.0000,0.8688
climate_02,ndcg@5,hybrid,BN-BN,BN-EN,1.0000,0.0000,1.0000
climate_03,ndcg@5,hybrid,BN-BN,BN-EN,1.0000,0.0000,1.0000
climate_04,ndcg@5,hybrid,BN-BN,BN-EN,0.8539,0.4307,0.4233
climate_05,ndcg@5,hybrid,BN-BN,BN-EN,0.3836,0.0000,0.3836
climate_06,ndcg@5,hybrid,BN-BN,BN-EN,0.6992,0.0000,0.6992
climate_07,ndcg@5,hybrid,BN-BN,BN-EN,0.7227,0.4307,0.2921
cs_01,ndcg@5,hybrid,BN-BN,BN-EN,1.0000,0.0000,1.0000
cs_02,ndcg@5,hybrid,BN-BN,BN-EN,0.8304,0.0000,0.8304
cs_03,ndcg@5,hybrid,BN-BN,BN-EN,0.6992,0.5000,0.1992
cs_04,ndcg@5,hybrid,BN-BN,BN-EN,0.4704,0.0000,0.4704
cs_05,ndcg@5,hybrid,BN-BN,BN-EN,0.7227,0.4307,0.2921
cs_06,ndcg@5,hybrid,BN-BN,BN-EN,1.0000,0.0000,1.0000
geo_01,ndcg@5,hybrid,BN-BN,BN-EN,0.3392,0.5000,-0.1608
geo_02,ndcg@5,hybrid,BN-BN,BN-EN,1.0000,0.0000,1.0000
geo_03,ndcg@5,hybrid,BN-BN,BN-EN,0.7860,0.0000,0.7860
geo_04,ndcg@5,hybrid,BN-BN,BN-EN,0.3392,0.5000,-0.1608
geo_05,ndcg@5,hybrid,BN-BN,BN-EN,0.7860,0.0000,0.7860
geo_06,ndcg@5,hybrid,BN-BN,BN-EN,1.0000,0.0000,1.0000
health_01,ndcg@5,hybrid,BN-BN,BN-EN,1.0000,0.0000,1.0000
health_02,ndcg@5,hybrid,BN-BN,BN-EN,1.0000,0.0000,1.0000
health_03,ndcg@5,hybrid,BN-BN,BN-EN,0.8539,0.0000,0.8539
health_04,ndcg@5,hybrid,BN-BN,BN-EN,0.7227,0.0000,0.7227
health_05,ndcg@5,hybrid,BN-BN,BN-EN,0.5531,0.0000,0.5531
health_06,ndcg@5,hybrid,BN-BN,BN-EN,0.8688,0.0000,0.8688
climate_01,precision@5,hybrid,BN-BN,BN-EN,0.8000,0.0000,0.8000
climate_02,precision@5,hybrid,BN-BN,BN-EN,1.0000,0.0000,1.0000
climate_03,precision@5,hybrid,BN-BN,BN-EN,1.0000,0.0000,1.0000
climate_04,precision@5,hybrid,BN-BN,BN-EN,0.8000,0.2000,0.6000
climate_05,precision@5,hybrid,BN-BN,BN-EN,0.4000,0.0000,0.4000
climate_06,precision@5,hybrid,BN-BN,BN-EN,0.6000,0.0000,0.6000
climate_07,precision@5,hybrid,BN-BN,BN-EN,0.6000,0.2000,0.4000
cs_01,precision@5,hybrid,BN-BN,BN-EN,1.0000,0.0000,1.0000
cs_02,precision@5,hybrid,BN-BN,BN-EN,0.8000,0.0000,0.8000
cs_03,precision@5,hybrid,BN-BN,BN-EN,0.6000,0.2000,0.4000
cs_04,precision@5,hybrid,BN-BN,BN-EN,0.4000,0.0000,0.4000
cs_05,precision@5,hybrid,BN-BN,BN-EN,0.6000,0.2000,0.4000
cs_06,precision@5,hybrid,BN-BN,BN-EN,1.0000,0.0000,1.0000
geo_01,precision@5,hybrid,BN-BN,BN-EN,0.2000,0.2000,0.0000
geo_02,precision@5,hybrid,BN-BN,BN-EN,1.0000,0.0000,1.0000
geo_03,precision@5,hybrid,BN-BN,BN-EN,0.8000,0.0000,0.8000
geo_04,precision@5,hybrid,BN-BN,BN-EN,0.2000,0.2000,0.0000
geo_05,precision@5,hybrid,BN-BN,BN-EN,0.8000,0.0000,0.8000
geo_06,precision@5,hybrid,BN-BN,BN-EN,1.0000,0.0000,1.0000
health_01,precision@5,hybrid,BN-BN,BN-EN,1.0000,0.0000,1.0000
health_02,precision@5,hybrid,BN-BN,BN-EN,1.0000,0.0000,1.0000
health_03,precision@5,hybrid,BN-BN,BN-EN,0.8000,0.0000,0.8000
health_04,precision@5,hybrid,BN-BN,BN-EN,0.6000,0.0000,0.6000
health_05,precision@5,hybrid,BN-BN,BN-EN,0.4000,0.0000,0.4000
health_06,precision@5,hybrid,BN-BN,BN-EN,0.8000,0.0000,0.8000
