comparison,metric,strategy,n_units,mean_mono,mean_cross,mean_penalty,std_penalty,ci_95_lower,ci_95_upper,t_stat,t_p_value,wilcoxon_w,wilcoxon_p_value,cohens_dz,stars
dense_EN->BN,recall@5,dense,25,0.9800,0.1187,0.8613,0.1157,0.8136,0.9091,37.2272,0.000000,0.0,0.000013,7.4454,***
dense_EN->BN,mrr@5,dense,25,0.9800,0.4933,0.4867,0.2147,0.3980,0.5753,11.3318,0.000000,11.0,0.000012,2.2664,***
dense_EN->BN,ndcg@5,dense,25,0.9698,0.3992,0.5705,0.1886,0.4927,0.6484,15.1243,0.000000,1.0,0.000014,3.0249,***
dense_EN->BN,precision@5,dense,25,0.2000,0.4400,-0.2400,0.1528,-0.3031,-0.1769,-7.8558,0.000000,0.0,0.000036,-1.5712,***
dense_BN->EN,recall@5,dense,25,0.1418,0.9800,-0.8382,0.1180,-0.8869,-0.7895,-35.5291,0.000000,0.0,0.000013,-7.1058,***
dense_BN->EN,mrr@5,dense,25,0.8933,0.5400,0.3533,0.4617,0.1628,0.5439,3.8268,0.000815,54.0,0.002630,0.7654,**
dense_BN->EN,ndcg@5,dense,25,0.5844,0.6475,-0.0632,0.2738,-0.1762,0.0499,-1.1532,0.260201,140.0,0.553631,-0.2306,ns
dense_BN->EN,precision@5,dense,25,0.5440,0.2000,0.3440,0.1781,0.2705,0.4175,9.6554,0.000000,0.0,0.000027,1.9311,***
bm25_EN->BN,recall@5,bm25,25,0.9800,0.0020,0.9780,0.0998,0.9368,1.0192,48.9841,0.000000,0.0,0.000002,9.7968,***
bm25_EN->BN,mrr@5,bm25,25,1.0000,0.0267,0.9733,0.0923,0.9352,1.0114,52.7290,0.000000,0.0,0.000001,10.5458,***
bm25_EN->BN,ndcg@5,bm25,25,0.9845,0.0136,0.9710,0.0881,0.9346,1.0073,55.1340,0.000000,0.0,0.000002,11.0268,***
bm25_EN->BN,precision@5,bm25,25,0.2000,0.0160,0.1840,0.0554,0.1611,0.2069,16.6132,0.000000,0.0,0.000002,3.3226,***
bm25_BN->EN,recall@5,bm25,25,0.1863,0.0400,0.1463,0.2474,0.0442,0.2484,2.9572,0.006869,25.0,0.000227,0.5914,***
bm25_BN->EN,mrr@5,bm25,25,1.0000,0.0100,0.9900,0.0500,0.9694,1.0106,99.0000,0.000000,0.0,0.000001,19.8000,***
bm25_BN->EN,ndcg@5,bm25,25,0.7655,0.0172,0.7483,0.1871,0.6711,0.8255,19.9990,0.000000,0.0,0.000012,3.9998,***
bm25_BN->EN,precision@5,bm25,25,0.6960,0.0080,0.6880,0.2088,0.6018,0.7742,16.4746,0.000000,0.0,0.000011,3.2949,***
hybrid_EN->BN,recall@5,hybrid,25,0.9800,0.0198,0.9602,0.1072,0.9160,1.0045,44.8030,0.000000,0.0,0.000006,8.9606,***
hybrid_EN->BN,mrr@5,hybrid,25,1.0000,0.0980,0.9020,0.1753,0.8296,0.9744,25.7295,0.000000,0.0,0.000005,5.1459,***
hybrid_EN->BN,ndcg@5,hybrid,25,0.9845,0.0485,0.9361,0.1053,0.8926,0.9795,44.4510,0.000000,0.0,0.000006,8.8902,***
hybrid_EN->BN,precision@5,hybrid,25,0.2000,0.0560,0.1440,0.0917,0.1062,0.1818,7.8558,0.000000,0.0,0.000025,1.5712,***
hybrid_BN->EN,recall@5,hybrid,25,0.1999,0.2400,-0.0401,0.4647,-0.2319,0.1517,-0.4313,0.670107,133.5,0.443111,-0.0863,ns
hybrid_BN->EN,mrr@5,hybrid,25,0.9800,0.0700,0.9100,0.1539,0.8465,0.9735,29.5676,0.000000,0.0,0.000005,5.9135,***
hybrid_BN->EN,ndcg@5,hybrid,25,0.7800,0.1117,0.6683,0.3608,0.5194,0.8173,9.2610,0.000000,3.0,0.000017,1.8522,***
hybrid_BN->EN,precision@5,hybrid,25,0.7280,0.0480,0.6800,0.3109,0.5517,0.8083,10.9355,0.000000,0.0,0.000024,2.1871,***
